{
	"info": {
		"_postman_id": "c0259afb-8aaa-4390-bcaf-a0ee531a7f76",
		"name": "Weather",
		"schema": "https://schema.getpostman.com/json/collection/v2.1.0/collection.json"
	},
	"item": [
		{
			"name": "Daily Forecast",
			"request": {
				"method": "GET",
				"header": [],
				"url": {
					"raw": "https://api.openweathermap.org/data/2.5/forecast/daily?lat=40.6976684&lon=-74.2605586&cnt=10&mode=json&appid=&units=metric",
					"protocol": "https",
					"host": [
						"api",
						"openweathermap",
						"org"
					],
					"path": [
						"data",
						"2.5",
						"forecast",
						"daily"
					],
					"query": [
						{
							"key": "lat",
							"value": "40.6976684"
						},
						{
							"key": "lon",
							"value": "-74.2605586"
						},
						{
							"key": "cnt",
							"value": "10"
						},
						{
							"key": "mode",
							"value": "json"
						},
						{
							"key": "appid",
							"value": ""
						},
						{
							"key": "units",
							"value": "metric"
						}
					]
				},
				"description": "https://openweathermap.org/forecast16"
			},
			"response": []
		},
		{
			"name": "Current Weather",
			"request": {
				"method": "GET",
				"header": [],
				"url": {
					"raw": "https://api.openweathermap.org/data/2.5/weather?lat=31.989400&lon=34.913480&appid=&units=metric",
					"protocol": "https",
					"host": [
						"api",
						"openweathermap",
						"org"
					],
					"path": [
						"data",
						"2.5",
						"weather"
					],
					"query": [
						{
							"key": "lat",
							"value": "31.989400"
						},
						{
							"key": "lon",
							"value": "34.913480"
						},
						{
							"key": "appid",
							"value": ""
						},
						{
							"key": "units",
							"value": "metric"
						}
					]
				},
				"description": "https://openweathermap.org/current"
			},
			"response": []
		}
	],
	"protocolProfileBehavior": {}
}